{
  "_fv": 33,
  "_type": "livingentity",
  "definition": {
    "mobName": "Friendly Zombie",
    "mobLabel": "",
    "mobModelName": "ModelzombieModel",
    "mobModelTexture": "friendly_zombie.png",
    "mobModelGlowTexture": "",
    "modelWidth": 0.6,
    "modelHeight": 1.8,
    "modelShadowSize": 0.5,
    "mountedYOffset": 0.0,
    "hasSpawnEgg": true,
    "spawnEggBaseColor": {
      "value": -13395712,
      "falpha": 0.0
    },
    "spawnEggDotColor": {
      "value": -13434676,
      "falpha": 0.0
    },
    "creativeTab": {
      "value": "MISC"
    },
    "isBoss": false,
    "bossBarColor": "PINK",
    "bossBarType": "PROGRESS",
    "equipmentMainHand": {
      "value": "Items.DIAMOND_SWORD"
    },
    "equipmentOffHand": {
      "value": "Items.TOTEM_OF_UNDYING"
    },
    "equipmentHelmet": {
      "value": "Items.DIAMOND_HELMET"
    },
    "equipmentBody": {
      "value": ""
    },
    "equipmentLeggings": {
      "value": ""
    },
    "equipmentBoots": {
      "value": ""
    },
    "mobBehaviourType": "Mob",
    "mobCreatureType": "UNDEFINED",
    "attackStrength": 3,
    "attackKnockback": 50.0,
    "knockbackResistance": 24.0,
    "movementSpeed": 0.2,
    "armorBaseValue": 70.0,
    "trackingRange": 64,
    "followRange": 17,
    "health": 14,
    "xpAmount": 3,
    "waterMob": false,
    "flyingMob": false,
    "guiBoundTo": "<NONE>",
    "inventorySize": 9,
    "inventoryStackSize": 64,
    "disableCollisions": false,
    "ridable": false,
    "canControlForward": false,
    "canControlStrafe": false,
    "immuneToFire": true,
    "immuneToArrows": false,
    "immuneToFallDamage": false,
    "immuneToCactus": false,
    "immuneToDrowning": false,
    "immuneToLightning": false,
    "immuneToPotions": true,
    "immuneToPlayer": false,
    "immuneToExplosion": false,
    "immuneToTrident": false,
    "immuneToAnvil": false,
    "immuneToWither": true,
    "immuneToDragonBreath": true,
    "mobDrop": {
      "value": "Items.COOKED_PORKCHOP"
    },
    "livingSound": {
      "value": "entity.zombie.ambient"
    },
    "hurtSound": {
      "value": "entity.zombie.hurt"
    },
    "deathSound": {
      "value": "entity.zombie.death"
    },
    "stepSound": {
      "value": "entity.zombie.step"
    },
    "spawnParticles": false,
    "particleToSpawn": {
      "value": "EXPLOSION_NORMAL"
    },
    "particleSpawningShape": "Spread",
    "particleSpawningRadious": 0.5,
    "particleAmount": 4,
    "hasAI": true,
    "aiBase": "(none)",
    "aixml": "<xml xmlns=\"https://developers.google.com/blockly/xml\"><block type=\"aitasks_container\" deletable=\"false\" x=\"40\" y=\"40\"><next><block type=\"attack_entity\"><field name=\"entity\">EntityMonster</field><field name=\"insight\">TRUE</field><field name=\"nearby\">FALSE</field><field name=\"condition\">null,null</field><next><block type=\"move_indoors\"><field name=\"condition\">null,null</field><next><block type=\"doors_close\"><field name=\"condition\">null,null</field><next><block type=\"doors_open\"><field name=\"condition\">null,null</field><next><block type=\"leap_at_target\"><field name=\"speed\">0.5</field><field name=\"condition\">null,null</field><next><block type=\"restrict_sun\"><field name=\"condition\">null,null</field><next><block type=\"wander_avoid_water\"><field name=\"speed\">0.8</field><field name=\"condition\">null,null</field><next><block type=\"attack_on_collide\"><field name=\"speed\">1.2</field><field name=\"longmemory\">TRUE</field><field name=\"condition\">null,null</field><next><block type=\"wander\"><field name=\"speed\">1</field><field name=\"condition\">null,null</field><next><block type=\"attack_action\"><field name=\"callhelp\">FALSE</field><field name=\"condition\">null,null</field><next><block type=\"swim\"><field name=\"speed\">1</field><field name=\"condition\">null,null</field><next><block type=\"watch_closest_entity\"><field name=\"radius\">6</field><field name=\"entity\">EntityVillager</field><field name=\"condition\">null,null</field><next><block type=\"look_around\"><field name=\"condition\">null,null</field><next><block type=\"swim_in_water\"><field name=\"condition\">null,null</field></block></next></block></next></block></next></block></next></block></next></block></next></block></next></block></next></block></next></block></next></block></next></block></next></block></next></block></next></block></xml>",
    "breedable": false,
    "tameable": false,
    "breedTriggerItems": [],
    "ranged": false,
    "rangedAttackItem": {
      "value": ""
    },
    "rangedItemType": "Default item",
    "spawnThisMob": true,
    "doesDespawnWhenIdle": true,
    "spawningProbability": 20,
    "mobSpawningType": "creature",
    "minNumberOfMobsPerGroup": 2,
    "maxNumberOfMobsPerGroup": 5,
    "restrictionBiomes": [],
    "spawnInDungeons": false
  }
}